City_ID,City,Country,Date,Lat,Lng,Max Temp,Humidity,Cloudiness,Wind Speed
0,Rikitea,PF,2022-07-17 20:05:35,-23.1203,-134.9692,73.47,82,79,15.7
1,Manadhoo,MV,2022-07-17 20:05:36,5.7667,73.3833,79.74,82,100,23.58
2,Esperance,AU,2022-07-17 20:05:36,-33.8667,121.9,53.08,92,100,9.28
3,Nortelandia,BR,2022-07-17 20:05:36,-14.4547,-56.8028,90.18,32,0,6.58
4,Sitka,US,2022-07-17 20:05:37,57.0531,-135.33,55.29,94,100,6.91
5,Buin,CL,2022-07-17 20:05:37,-33.7333,-70.75,56.88,51,100,1.63
6,Ushuaia,AR,2022-07-17 20:05:37,-54.8,-68.3,38.86,52,20,5.75
7,Coronado,US,2022-07-17 20:05:37,32.6859,-117.1831,96.28,74,75,13.8
8,Port Hardy,CA,2022-07-17 20:02:25,50.6996,-127.4199,59.92,75,16,12.53
9,Hobart,AU,2022-07-17 20:01:39,-42.8794,147.3294,39.06,83,40,18.41
10,Avarua,CK,2022-07-17 20:05:38,-21.2078,-159.775,73.45,73,20,3.44
11,Bengkulu,ID,2022-07-17 20:05:38,-3.8004,102.2655,75.38,88,47,4.34
12,Mataura,NZ,2022-07-17 20:05:39,-46.1927,168.8643,51.48,75,97,8.41
13,Houston,US,2022-07-17 20:03:05,29.7633,-95.3633,103.05,42,40,9.22
14,Dikson,RU,2022-07-17 20:05:39,73.5069,80.5464,44.13,79,7,8.9
15,Punta Arenas,CL,2022-07-17 20:02:34,-53.15,-70.9167,37.11,78,26,22.66
16,Ilulissat,GL,2022-07-17 20:05:40,69.2167,-51.1,51.82,54,20,3.44
17,East London,ZA,2022-07-17 20:05:40,-33.0153,27.9116,69.49,32,0,8.37
18,Kaitangata,NZ,2022-07-17 20:05:41,-46.2817,169.8464,43.83,89,77,5.44
19,Darhan,MN,2022-07-17 20:05:41,49.4867,105.9228,61.0,69,3,1.03
20,Georgetown,MY,2022-07-17 20:05:34,5.4112,100.3354,83.89,88,20,0.0
21,Salalah,OM,2022-07-17 20:04:00,17.0151,54.0924,78.89,89,100,6.91
22,Sinnamary,GF,2022-07-17 20:05:41,5.3833,-52.95,80.78,77,71,4.05
23,Qaanaaq,GL,2022-07-17 20:05:42,77.484,-69.3632,47.08,58,100,3.96
24,Eureka,US,2022-07-17 20:05:42,40.8021,-124.1637,83.68,79,17,1.99
25,Lewistown,US,2022-07-17 20:01:12,40.5992,-77.5714,82.94,88,40,5.75
26,Luderitz,NA,2022-07-17 20:05:43,-26.6481,15.1594,64.22,52,1,5.7
27,Bluff,NZ,2022-07-17 20:05:43,-46.6,168.3333,51.8,61,100,22.88
28,Castro,BR,2022-07-17 20:05:43,-24.7911,-50.0119,66.83,76,100,1.86
29,Bubaque,GW,2022-07-17 20:05:44,11.2833,-15.8333,80.53,87,100,15.75
30,Pacifica,US,2022-07-17 20:05:44,37.6138,-122.4869,88.14,80,20,19.57
31,Peniche,PT,2022-07-17 20:05:44,39.3558,-9.3811,71.08,85,0,5.08
32,Kapaa,US,2022-07-17 20:05:45,22.0752,-159.319,82.72,76,100,16.11
33,Tuktoyaktuk,CA,2022-07-17 20:05:45,69.4541,-133.0374,56.43,70,9,4.52
34,Severo-Kurilsk,RU,2022-07-17 20:05:45,50.6789,156.125,54.41,95,99,1.57
35,Chokurdakh,RU,2022-07-17 20:05:46,70.6333,147.9167,42.67,65,10,11.9
36,Kavieng,PG,2022-07-17 20:05:46,-2.5744,150.7967,81.91,80,45,13.11
37,New Norfolk,AU,2022-07-17 20:05:46,-42.7826,147.0587,38.7,81,89,1.99
38,Busselton,AU,2022-07-17 20:05:47,-33.65,115.3333,53.71,92,100,14.7
39,Kodiak,US,2022-07-17 20:05:47,57.79,-152.4072,63.91,52,100,6.91
40,Hilo,US,2022-07-17 20:04:09,19.7297,-155.09,91.27,77,75,3.44
41,Vaini,TO,2022-07-17 20:05:48,-21.2,-175.2,76.05,70,41,18.75
42,Kavaratti,IN,2022-07-17 20:05:48,10.5669,72.642,82.45,74,100,20.8
43,Airai,TL,2022-07-17 20:05:48,-8.9266,125.4092,52.75,85,44,3.33
44,Bambous Virieux,MU,2022-07-17 20:05:49,-20.3428,57.7575,69.22,67,79,21.25
45,Ribeira Grande,PT,2022-07-17 20:06:49,38.5167,-28.7,75.6,78,20,18.41
46,Port Augusta,AU,2022-07-17 20:06:49,-32.5,137.7667,44.96,85,0,4.52
47,Mezen,RU,2022-07-17 20:06:50,65.8522,44.24,58.48,87,100,4.61
48,Bethel,US,2022-07-17 20:03:26,41.3712,-73.414,84.72,62,0,8.05
49,Nikolskoye,RU,2022-07-17 20:06:50,59.7035,30.7861,57.09,95,100,4.74
50,Yulin,CN,2022-07-17 20:06:50,22.6333,110.15,78.42,92,100,3.65
51,Ketchikan,US,2022-07-17 20:06:51,55.3422,-131.6461,58.98,88,100,11.5
52,Saint-Augustin,CA,2022-07-17 20:06:51,51.226,-58.6502,64.71,75,100,17.87
53,Hermanus,ZA,2022-07-17 20:06:51,-34.4187,19.2345,54.81,83,0,9.1
54,Albany,US,2022-07-17 20:06:52,42.6001,-73.9662,92.03,43,98,1.99
55,Coihaique,CL,2022-07-17 20:03:14,-45.5752,-72.0662,39.15,75,75,0.0
56,Pringsewu,ID,2022-07-17 20:06:52,-5.3582,104.9744,72.77,97,59,2.15
57,Cape Town,ZA,2022-07-17 20:03:11,-33.9258,18.4232,59.34,88,3,4.0
58,Bilma,NE,2022-07-17 20:06:53,18.6853,12.9164,91.18,34,64,14.61
59,Cabo San Lucas,MX,2022-07-17 20:02:13,22.8909,-109.9124,94.6,57,10,6.4
60,Port Alfred,ZA,2022-07-17 20:06:53,-33.5906,26.891,70.52,35,0,12.24
61,Geraldton,AU,2022-07-17 20:06:53,-28.7667,114.6,54.01,94,40,8.05
62,Hofn,IS,2022-07-17 20:06:54,64.2539,-15.2082,55.63,68,15,9.53
63,Kisaran,ID,2022-07-17 20:06:54,2.9845,99.6158,75.09,97,74,2.71
64,Lodwar,KE,2022-07-17 20:06:54,3.1191,35.5973,84.25,42,60,15.43
65,Snyder,US,2022-07-17 20:06:55,32.7179,-100.9176,101.08,20,0,3.44
66,Santa Maria Da Boa Vista,BR,2022-07-17 20:06:55,-8.8078,-39.8256,85.14,36,15,15.26
67,Mahebourg,MU,2022-07-17 20:06:56,-20.4081,57.7,69.26,67,74,21.41
68,Ponta Do Sol,PT,2022-07-17 20:06:56,32.6667,-17.1,75.0,78,8,8.97
69,Saint George,US,2022-07-17 20:05:24,37.1041,-113.5841,105.64,19,0,12.66
70,Ugoofaaru,MV,2022-07-17 20:06:56,5.6667,73.0,79.41,80,100,23.53
71,Atuona,PF,2022-07-17 20:05:16,-9.8,-139.0333,77.99,77,13,22.01
72,Miles City,US,2022-07-17 20:06:57,46.4083,-105.8406,103.17,15,0,10.36
73,Vanavara,RU,2022-07-17 20:06:57,60.34,102.2797,54.82,84,94,1.05
74,Faanui,PF,2022-07-17 20:06:57,-16.4833,-151.75,77.11,70,77,18.1
75,Houma,US,2022-07-17 20:06:58,29.5958,-90.7195,95.0,65,40,11.5
76,Porbandar,IN,2022-07-17 20:06:58,21.6422,69.6093,80.85,85,100,18.39
77,Portland,US,2022-07-17 20:05:08,45.5234,-122.6762,75.33,46,75,10.36
78,Ouesso,CG,2022-07-17 20:06:59,1.6136,16.0517,71.83,94,100,1.97
79,Carnarvon,AU,2022-07-17 20:06:59,-24.8667,113.6333,57.27,100,40,4.61
80,Vestmannaeyjar,IS,2022-07-17 20:06:59,63.4427,-20.2734,52.3,86,42,15.46
81,Voyvozh,RU,2022-07-17 20:07:00,62.892,54.9635,58.84,70,5,3.02
82,Saint Anthony,US,2022-07-17 20:07:00,45.0205,-93.218,91.11,52,40,9.22
83,Muros,ES,2022-07-17 20:07:00,42.7762,-9.0603,78.67,92,72,2.1
84,Codrington,AU,2022-07-17 20:07:00,-38.2667,141.9667,48.54,71,100,18.21
85,Kruisfontein,ZA,2022-07-17 20:07:01,-34.0033,24.7314,66.88,24,0,19.51
86,Pandan,PH,2022-07-17 20:07:01,14.0453,124.1694,79.9,85,100,4.68
87,Nemuro,JP,2022-07-17 20:07:01,43.3236,145.575,62.55,100,100,12.01
88,Atar,MR,2022-07-17 20:07:02,20.5169,-13.0499,105.15,8,19,9.04
89,Saint-Francois,FR,2022-07-17 20:07:02,46.4154,3.9054,76.44,53,0,2.3
90,Asau,RO,2022-07-17 20:02:29,46.4333,26.4,65.32,63,10,4.16
91,Bredasdorp,ZA,2022-07-17 20:07:03,-34.5322,20.0403,54.3,87,0,4.76
92,Ndele,CF,2022-07-17 20:06:17,8.4109,20.6473,69.28,98,100,1.41
93,Torbay,CA,2022-07-17 20:05:30,47.6666,-52.7314,77.88,73,100,3.0
94,Natalio,PY,2022-07-17 20:08:03,-26.7167,-55.0833,59.81,52,0,0.74
95,Antalaha,MG,2022-07-17 20:08:04,-14.9003,50.2788,68.04,87,71,10.69
96,Lagoa,PT,2022-07-17 20:08:04,39.05,-27.9833,70.95,90,0,9.95
97,Abu Dhabi,AE,2022-07-17 20:08:04,24.4667,54.3667,95.11,73,0,4.61
98,Coquimbo,CL,2022-07-17 20:08:05,-29.9533,-71.3436,60.53,44,0,5.75
99,Barrow,US,2022-07-17 20:06:34,71.2906,-156.7887,37.42,87,100,18.41
100,Olafsvik,IS,2022-07-17 20:08:05,64.8945,-23.7142,51.21,84,90,5.28
101,Upernavik,GL,2022-07-17 20:08:06,72.7868,-56.1549,41.27,85,39,15.17
102,Divnogorsk,RU,2022-07-17 20:08:06,55.9594,92.3619,57.74,98,62,6.96
103,Jamestown,US,2022-07-17 20:03:59,42.097,-79.2353,70.95,88,100,14.97
104,Henties Bay,NA,2022-07-17 20:03:40,-22.116,14.2845,66.96,48,5,9.93
105,Sao Filipe,CV,2022-07-17 20:08:07,14.8961,-24.4956,75.42,79,61,14.81
106,Butaritari,KI,2022-07-17 20:08:07,3.0707,172.7902,82.02,73,96,10.71
107,Kysyl-Syr,RU,2022-07-17 20:08:08,63.8986,122.7617,66.61,99,100,1.23
108,Thabazimbi,ZA,2022-07-17 20:08:08,-24.5917,27.4116,56.1,52,0,4.09
109,Sao Joao Da Barra,BR,2022-07-17 20:08:08,-21.6403,-41.0511,78.89,84,100,18.97
110,Belaya Gora,RU,2022-07-17 20:08:08,68.5333,146.4167,49.84,51,81,3.47
111,Arraial Do Cabo,BR,2022-07-17 20:08:09,-22.9661,-42.0278,75.06,73,0,16.11
112,Longyearbyen,SJ,2022-07-17 20:03:17,78.2186,15.6401,57.04,82,75,4.61
113,Daru,PG,2022-07-17 20:08:09,-9.0763,143.2092,75.58,91,98,7.23
114,Tasiilaq,GL,2022-07-17 20:08:10,65.6145,-37.6368,50.16,79,63,6.02
115,Alice Springs,AU,2022-07-17 20:06:19,-23.7,133.8833,35.15,41,0,0.0
116,Jalu,LY,2022-07-17 20:08:10,29.0331,21.5482,84.81,38,0,19.44
117,Beihai,CN,2022-07-17 20:08:10,21.4833,109.1,85.53,84,100,12.55
118,Dingle,PH,2022-07-17 20:08:11,10.9995,122.6711,74.79,93,100,1.99
119,Tessalit,ML,2022-07-17 20:08:11,20.1986,1.0114,88.21,38,100,5.91
120,Merauke,ID,2022-07-17 20:08:11,-8.4667,140.3333,75.09,90,100,9.44
121,Hailey,US,2022-07-17 20:05:21,43.5196,-114.3153,89.89,15,76,11.61
122,Picota,PE,2022-07-17 20:08:12,-6.9197,-76.3304,90.09,55,68,1.57
123,Londoko,RU,2022-07-17 20:08:12,49.0333,131.9833,59.09,97,23,2.3
124,Chuy,UY,2022-07-17 20:08:12,-33.6971,-53.4616,49.6,70,0,8.75
125,Lima,PE,2022-07-17 20:05:26,-12.0432,-77.0282,61.05,72,100,8.05
126,Vitim,RU,2022-07-17 20:08:13,59.4511,112.5578,54.16,83,100,2.86
127,Tongliao,CN,2022-07-17 20:08:13,43.6125,122.2653,67.64,90,99,6.29
128,Manavalakurichi,IN,2022-07-17 20:08:14,8.1333,77.3,79.36,75,100,15.21
129,Port Elizabeth,ZA,2022-07-17 20:05:02,-33.918,25.5701,69.1,63,0,3.44
130,Maceio,BR,2022-07-17 20:08:14,-9.6658,-35.7353,80.04,69,40,9.22
131,Lebu,CL,2022-07-17 20:08:15,-37.6167,-73.65,50.56,85,40,15.39
132,Andenes,NO,2022-07-17 20:08:15,69.3143,16.1194,49.98,93,75,5.75
133,Butte,US,2022-07-17 20:08:15,39.6499,-121.5677,101.98,12,0,8.05
134,Souillac,MU,2022-07-17 20:08:16,-20.5167,57.5167,69.62,68,47,20.67
135,Puerto Ayora,EC,2022-07-17 20:08:16,-0.7393,-90.3518,76.96,93,72,5.01
136,Katsuura,JP,2022-07-17 20:08:16,35.1333,140.3,77.45,90,99,14.61
137,Vostok,RU,2022-07-17 20:08:17,46.4856,135.8833,56.59,92,100,1.52
138,Merrill,US,2022-07-17 20:09:17,45.1805,-89.6835,87.12,54,100,6.91
139,Thompson,CA,2022-07-17 20:09:17,55.7435,-97.8558,86.43,27,41,11.81
140,Pevek,RU,2022-07-17 20:09:18,69.7008,170.3133,31.23,94,100,30.98
141,Victoria,HK,2022-07-17 20:07:23,22.2855,114.1577,86.38,82,100,11.99
142,Belmonte,BR,2022-07-17 20:09:18,-15.8631,-38.8828,73.98,84,24,8.41
143,Usvyaty,RU,2022-07-17 20:09:19,55.7456,30.7533,57.74,74,100,4.76
144,Nayoro,JP,2022-07-17 20:09:19,44.3506,142.4578,62.22,98,100,6.31
145,Hayange,FR,2022-07-17 20:09:19,49.3343,6.0527,77.65,36,85,6.29
146,Dingli,MT,2022-07-17 20:09:20,35.8614,14.3822,78.96,69,20,8.05
147,Masvingo,ZW,2022-07-17 20:09:20,-20.0637,30.8277,50.85,94,8,4.16
148,Ancud,CL,2022-07-17 20:09:20,-41.8697,-73.8203,42.22,77,96,16.49
149,Yellowknife,CA,2022-07-17 20:09:21,62.456,-114.3525,64.63,64,100,15.82
150,Soe,ID,2022-07-17 20:09:21,-9.8607,124.284,58.08,90,42,4.07
151,San Andres,CO,2022-07-17 20:09:21,12.5847,-81.7006,86.02,79,75,13.8
152,Moyobamba,PE,2022-07-17 20:09:22,-6.05,-76.9667,77.59,74,38,3.44
153,Martinopolis,BR,2022-07-17 20:07:36,-22.1458,-51.1708,77.65,49,100,8.14
154,Aklavik,CA,2022-07-17 20:09:22,68.2191,-135.0107,70.5,43,98,8.7
155,Victoria Point,AU,2022-07-17 20:09:23,-27.5833,153.3,57.43,91,45,5.37
156,Leh,IN,2022-07-17 20:09:23,34.1667,77.5833,64.08,48,70,2.98
157,Tiksi,RU,2022-07-17 20:09:23,71.6872,128.8694,38.07,75,100,5.93
158,San Juan,AR,2022-07-17 20:08:17,-31.5375,-68.5364,64.27,13,0,7.76
159,Acapulco,MX,2022-07-17 20:09:24,16.8634,-99.8901,87.62,62,75,5.75
160,Taltal,CL,2022-07-17 20:09:24,-25.4,-70.4833,62.15,63,7,4.61
161,Acton Vale,CA,2022-07-17 20:09:24,45.6501,-72.5658,86.31,60,100,1.01
162,Tuatapere,NZ,2022-07-17 20:09:25,-46.1333,167.6833,55.13,61,86,15.35
163,Mar Del Plata,AR,2022-07-17 20:04:30,-38.0023,-57.5575,57.94,42,0,19.57
164,Lerwick,GB,2022-07-17 20:09:25,60.1545,-1.1494,53.6,84,100,10.47
165,Saldanha,ZA,2022-07-17 20:09:25,-33.0117,17.9442,56.41,92,0,7.85
166,Solnechnyy,RU,2022-07-17 20:09:26,50.7214,136.6319,59.77,81,100,3.53
167,Praya,CV,2022-07-17 20:09:26,14.9215,-23.5087,78.64,69,11,15.28
168,Davila,PH,2022-07-17 20:09:26,18.4726,120.5763,81.72,78,98,6.02
169,Hithadhoo,MV,2022-07-17 20:09:27,-0.6,73.0833,76.77,83,100,20.09
170,Den Helder,NL,2022-07-17 20:06:30,52.9599,4.7593,69.98,74,40,3.44
171,Kapit,MY,2022-07-17 20:09:27,2.0167,112.9333,73.78,93,99,1.14
172,Graciano Sanchez,MX,2022-07-17 20:09:28,23.9167,-99.2833,95.95,24,7,12.84
173,Cairns,AU,2022-07-17 20:08:43,-16.9167,145.7667,67.95,84,100,8.05
174,Harper,LR,2022-07-17 20:09:28,4.375,-7.7169,75.25,81,99,11.54
175,San Quintin,MX,2022-07-17 20:09:29,30.4833,-115.95,74.75,65,7,10.04
176,Udachnyy,RU,2022-07-17 20:09:29,66.4167,112.4,50.45,100,100,3.44
177,Finschhafen,PG,2022-07-17 20:09:29,-6.6024,147.8681,78.84,76,68,7.36
178,Puerto Carreno,CO,2022-07-17 20:09:30,6.189,-67.4859,89.64,58,60,2.59
179,Port Blair,IN,2022-07-17 20:09:30,11.6667,92.75,81.16,84,100,8.32
180,Aksu,CN,2022-07-17 20:09:30,41.1231,80.2644,77.77,27,0,9.89
181,Kita,ML,2022-07-17 20:09:31,13.0349,-9.4895,81.63,72,81,6.67
182,Russell,US,2022-07-17 20:09:31,32.3502,-85.1999,91.38,51,0,3.44
183,Khatanga,RU,2022-07-17 20:09:31,71.9667,102.5,57.78,60,100,4.5
184,Kikwit,CD,2022-07-17 20:09:32,-5.041,18.8162,82.74,34,45,0.58
185,Puli,TW,2022-07-17 20:10:32,23.9664,120.9695,78.22,88,100,4.47
186,Osoyoos,CA,2022-07-17 20:10:32,49.0331,-119.4524,85.59,28,1,4.27
187,General Pico,AR,2022-07-17 20:10:33,-35.6566,-63.7568,62.15,25,77,14.83
188,Ostrovnoy,RU,2022-07-17 20:10:33,68.0531,39.5131,57.04,76,48,9.8
189,Margate,GB,2022-07-17 20:10:33,51.3813,1.3862,71.11,69,31,1.01
190,Nacala,MZ,2022-07-17 20:10:34,-14.5428,40.6728,69.04,87,5,5.68
191,Augusto Correa,BR,2022-07-17 20:10:34,-1.0217,-46.635,78.04,88,100,5.17
192,Dombarovskiy,RU,2022-07-17 20:10:34,50.7587,59.5386,73.94,56,64,7.52
193,Imperial,US,2022-07-17 20:10:35,33.0334,-115.4175,112.44,22,81,10.07
194,Mount Gambier,AU,2022-07-17 20:10:35,-37.8333,140.7667,46.74,80,100,8.23
195,Itupiranga,BR,2022-07-17 20:10:35,-5.1347,-49.3267,97.12,36,10,2.35
196,Cockburn Town,TC,2022-07-17 20:10:36,21.4612,-71.1419,85.96,66,40,16.11
197,San-Pedro,CI,2022-07-17 20:10:36,4.7485,-6.6363,75.4,83,95,9.48
198,Cookeville,US,2022-07-17 20:08:24,36.1628,-85.5016,89.98,64,20,4.61
199,Bundaberg,AU,2022-07-17 20:10:37,-24.85,152.35,57.04,89,57,4.7
200,Kota Kinabalu,MY,2022-07-17 20:10:37,5.9749,116.0724,76.98,78,20,5.01
201,Pangnirtung,CA,2022-07-17 20:10:37,66.1451,-65.7125,50.07,68,44,3.56
202,Stepnyak,KZ,2022-07-17 20:10:38,52.8339,70.7803,64.81,62,98,6.15
203,Klaksvik,FO,2022-07-17 20:06:15,62.2266,-6.589,50.92,87,100,22.35
204,Wagar,SD,2022-07-17 20:10:38,16.1525,36.2032,94.05,33,100,9.73
205,Cayenne,GF,2022-07-17 20:10:38,4.9333,-52.3333,86.04,1,40,11.5
206,Sinop,TR,2022-07-17 20:10:39,41.7711,34.8709,62.22,76,0,4.7
207,Srednekolymsk,RU,2022-07-17 20:10:39,67.45,153.6833,49.73,44,11,6.15
208,Clyde River,CA,2022-07-17 20:10:40,70.4692,-68.5914,35.83,87,40,13.8
209,Korla,CN,2022-07-17 20:10:40,41.7597,86.1469,76.91,29,0,4.88
210,Saint-Philippe,RE,2022-07-17 20:08:23,-21.3585,55.7679,69.39,74,83,15.68
211,Constitucion,CL,2022-07-17 20:10:40,-35.3333,-72.4167,50.41,94,100,9.6
212,Nanortalik,GL,2022-07-17 20:10:41,60.1432,-45.2371,43.56,84,100,13.73
213,Voznesenye,RU,2022-07-17 20:10:41,61.0106,35.4781,57.79,67,55,7.43
214,Beringovskiy,RU,2022-07-17 20:10:41,63.05,179.3167,45.75,60,10,29.28
215,Bathsheba,BB,2022-07-17 20:10:42,13.2167,-59.5167,86.61,79,20,24.16
216,Erenhot,CN,2022-07-17 20:10:42,43.6475,111.9767,67.98,32,3,2.17
217,Xuddur,SO,2022-07-17 20:10:42,4.1213,43.8894,73.71,66,29,22.15
218,Pisco,PE,2022-07-17 20:10:43,-13.7,-76.2167,66.25,68,3,6.91
219,Port Lincoln,AU,2022-07-17 20:10:43,-34.7333,135.8667,52.74,62,100,8.28
220,Labrea,BR,2022-07-17 20:10:43,-7.2586,-64.7981,86.52,56,100,2.48
221,Leogane,HT,2022-07-17 20:10:44,18.5108,-72.6339,98.8,54,34,7.49
222,Piacabucu,BR,2022-07-17 20:10:44,-10.4056,-36.4344,74.95,75,8,8.1
223,Ajaccio,FR,2022-07-17 20:10:27,42.0,8.9167,75.25,78,0,2.3
224,Ilawa,PL,2022-07-17 20:10:45,53.596,19.5685,54.46,73,84,4.36
225,Inhambane,MZ,2022-07-17 20:10:45,-23.865,35.3833,66.88,89,4,6.4
226,Lata,PT,2022-07-17 20:10:45,40.1629,-8.3327,68.11,75,7,4.5
227,Shitanjing,CN,2022-07-17 20:10:46,39.2342,106.3439,73.33,28,100,4.34
228,Poso,ID,2022-07-17 20:10:46,-1.3959,120.7524,75.97,86,100,4.61
229,Gamba,GA,2022-07-17 20:10:46,-2.65,10.0,70.27,87,12,6.76
230,Kloulklubed,PW,2022-07-17 20:10:47,7.0419,134.2556,81.66,72,97,3.56
231,Tigzirt,DZ,2022-07-17 20:10:47,36.8886,4.1198,79.65,60,0,14.07
232,Green River,US,2022-07-17 20:11:47,41.5286,-109.4662,91.8,16,0,3.0
233,Norman Wells,CA,2022-07-17 20:11:48,65.282,-126.8329,75.88,41,44,4.36
234,Sarangani,PH,2022-07-17 20:11:48,5.4033,125.4636,81.3,78,100,12.21
235,Dubovskoye,RU,2022-07-17 20:11:48,47.4092,42.7575,77.5,38,16,4.21
236,Bousso,TD,2022-07-17 20:11:49,10.4795,16.7117,71.65,94,70,3.42
237,Santa Barbara,US,2022-07-17 20:10:50,34.7333,-120.0343,102.34,23,0,6.91
238,Poum,NC,2022-07-17 20:11:49,-20.2333,164.0167,73.63,72,0,18.92
239,Kismayo,SO,2022-07-17 20:11:50,-0.3582,42.5454,75.83,81,6,18.95
240,Bensonville,LR,2022-07-17 20:11:50,6.4461,-10.6125,78.35,89,100,8.32
241,Camalu,MX,2022-07-17 20:11:50,30.85,-116.0667,76.8,62,3,8.79
242,Kununurra,AU,2022-07-17 20:11:51,-15.7667,128.7333,49.98,87,4,1.14
243,Alofi,NU,2022-07-17 20:11:51,-19.0595,-169.9187,76.89,78,40,11.5
244,Changde,CN,2022-07-17 20:11:51,29.0464,111.6783,77.56,95,100,1.59
245,Isangel,VU,2022-07-17 20:11:52,-19.55,169.2667,74.75,87,100,15.21
246,Sacama,EC,2022-07-17 20:11:52,-3.9,-79.2667,64.42,41,75,11.5
247,Aykhal,RU,2022-07-17 20:11:52,66.0,111.5,48.72,97,100,4.23
248,Nantucket,US,2022-07-17 20:08:55,41.2835,-70.0995,82.54,79,0,11.5
249,Whitehorse,CA,2022-07-17 20:11:53,60.7161,-135.0538,57.02,72,100,20.0
250,Tamiahua,MX,2022-07-17 20:11:53,21.2667,-97.45,87.31,58,6,9.64
251,Czestochowa,PL,2022-07-17 20:11:53,50.7965,19.1241,58.08,55,16,5.14
252,San Jose,US,2022-07-17 20:11:45,37.3394,-121.895,95.9,43,20,11.5
253,Marawi,PH,2022-07-17 20:11:54,7.9986,124.2928,68.9,95,99,3.38
254,Sakakah,SA,2022-07-17 20:09:37,29.9697,40.2064,93.04,15,30,6.38
255,Epernay,FR,2022-07-17 20:11:54,49.05,3.95,76.28,27,30,4.41
256,San Cristobal,VE,2022-07-17 20:11:55,7.7669,-72.225,80.78,53,58,6.58
257,Hasaki,JP,2022-07-17 20:08:26,35.7333,140.8333,73.8,90,98,9.48
258,Cherskiy,RU,2022-07-17 20:11:55,68.75,161.3,37.98,57,97,14.9
259,Hamilton,US,2022-07-17 20:08:25,39.1834,-84.5333,74.25,94,100,12.66
260,Lavrentiya,RU,2022-07-17 20:11:56,65.5833,-171.0,46.78,97,100,8.5
261,Ostersund,SE,2022-07-17 20:11:56,63.1792,14.6357,54.61,87,75,8.01
262,Yulara,AU,2022-07-17 20:11:56,-25.2406,130.9889,48.07,45,61,9.31
263,Petropavlovka,RU,2022-07-17 20:11:57,50.6114,105.3196,57.69,86,39,1.57
264,Port-Gentil,GA,2022-07-17 20:11:57,-0.7193,8.7815,75.16,83,40,10.36
265,Mata,PT,2022-07-17 20:11:58,40.683,-7.4592,74.93,46,15,5.06
266,Roald,NO,2022-07-17 20:11:58,62.5833,6.1333,59.92,77,75,14.97
267,Pangoa,PE,2022-07-17 20:11:58,-12.1167,-73.0,86.18,47,20,5.3
268,Saskylakh,RU,2022-07-17 20:11:59,71.9167,114.0833,47.39,55,96,7.16
269,Chicama,PE,2022-07-17 20:11:59,-7.8447,-79.1469,61.34,60,0,10.18
270,Mana,GF,2022-07-17 20:11:59,5.6592,-53.7767,79.75,81,99,5.26
271,Dongdu,CN,2022-07-17 20:12:00,35.85,117.7,70.99,93,5,2.24
272,Kazerun,IR,2022-07-17 20:12:00,29.6195,51.6541,87.33,29,0,3.02
273,Bankura,IN,2022-07-17 20:12:00,23.25,87.0667,81.14,85,100,7.72
274,Nibbar,TN,2022-07-17 20:12:01,36.2941,8.7666,81.52,27,0,4.81
275,Kupang,ID,2022-07-17 20:12:01,-10.1667,123.5833,70.61,80,6,8.5
276,Attur,IN,2022-07-17 20:12:02,11.6,78.6167,77.88,87,100,5.53
277,Cidreira,BR,2022-07-17 20:13:02,-30.1811,-50.2056,55.69,66,33,11.92
278,Deputatskiy,RU,2022-07-17 20:12:20,69.3,139.9,45.72,66,98,2.48
279,Alpoyeca,MX,2022-07-17 20:13:03,17.6667,-98.5167,85.84,47,100,1.9
280,Ahmadabad,IN,2022-07-17 20:09:06,23.0333,72.6167,82.44,94,40,11.5
281,San Patricio,US,2022-07-17 20:13:03,28.017,-97.5169,99.32,36,53,16.55
282,Saint-Michel-Des-Saints,CA,2022-07-17 20:13:03,46.6834,-73.9159,81.93,53,100,4.47
283,Banda Aceh,ID,2022-07-17 20:13:04,5.5577,95.3222,79.45,82,95,4.21
284,Rorvik,NO,2022-07-17 20:13:04,64.8621,11.2373,53.58,93,75,13.8
285,Gweta,BW,2022-07-17 20:13:04,-20.1833,25.2333,59.79,46,0,11.63
286,Los Chiles,CR,2022-07-17 20:13:05,11.0333,-84.7167,88.03,57,98,7.0
287,Iqaluit,CA,2022-07-17 20:13:05,63.7506,-68.5145,41.7,93,100,5.01
288,Laguna,US,2022-07-17 20:13:06,38.421,-121.4238,104.09,29,0,6.91
289,Clinton,US,2022-07-17 20:08:28,42.587,-82.9199,79.84,81,100,9.22
290,Tokur,RU,2022-07-17 20:13:06,53.1333,132.9,54.5,97,86,2.73
291,Kirakira,SB,2022-07-17 20:13:06,-10.4544,161.9205,78.62,86,55,9.37
292,Muisne,EC,2022-07-17 20:13:07,0.6,-80.0333,75.74,84,100,10.4
293,Breytovo,RU,2022-07-17 20:13:07,58.2993,37.8617,57.67,77,100,2.33
294,Meulaboh,ID,2022-07-17 20:13:08,4.1363,96.1285,76.87,89,91,2.95
295,Oulainen,FI,2022-07-17 20:13:08,64.2667,24.8,54.81,92,100,4.38
296,Verkhoyansk,RU,2022-07-17 20:13:08,67.5447,133.385,56.46,67,100,1.5
297,Wattegama,LK,2022-07-17 20:13:09,6.7989,81.4808,76.15,85,100,3.31
298,Yaan,NG,2022-07-17 20:13:09,7.3833,8.5667,75.27,79,100,2.98
299,Kurumkan,RU,2022-07-17 20:13:09,54.3,110.3,56.21,63,8,2.15
300,Bilibino,RU,2022-07-17 20:13:10,68.0546,166.4372,32.74,68,98,20.45
301,Arman,RU,2022-07-17 20:13:10,59.7,150.1667,57.02,89,100,1.23
302,Sisimiut,GL,2022-07-17 20:13:10,66.9395,-53.6735,45.97,78,95,8.21
303,Paramonga,PE,2022-07-17 20:13:11,-10.6667,-77.8333,66.11,72,7,12.86
304,Baturaja,ID,2022-07-17 20:13:11,-4.1333,104.1667,72.72,99,82,2.28
305,Bay Roberts,CA,2022-07-17 20:13:11,47.5999,-53.2648,78.66,52,100,12.37
306,Ati,TD,2022-07-17 20:13:12,13.2154,18.3353,78.49,73,100,12.24
307,Phitsanulok,TH,2022-07-17 20:13:12,16.9167,100.5,76.98,82,89,0.94
308,Bucerias,MX,2022-07-17 20:13:12,20.75,-105.3333,86.99,70,75,8.05
309,Nishihara,JP,2022-07-17 20:13:13,26.1842,127.7558,83.86,91,75,13.8
310,Safford,US,2022-07-17 20:13:13,32.834,-109.7076,102.11,20,0,6.91
311,Flinders,AU,2022-07-17 20:13:14,-34.5833,150.8552,53.26,72,5,8.01
312,Port Macquarie,AU,2022-07-17 20:13:14,-31.4333,152.9167,47.89,79,2,8.08
313,Dondaicha,IN,2022-07-17 20:13:14,21.3333,74.5667,79.5,83,100,15.93
314,Trincomalee,LK,2022-07-17 20:13:14,8.5711,81.2335,80.78,77,100,14.38
315,Pacific Grove,US,2022-07-17 20:13:15,36.6177,-121.9166,72.01,87,0,11.5
316,Coahuayana,MX,2022-07-17 20:13:15,18.7333,-103.6833,90.09,59,70,7.85
317,Palmer,US,2022-07-17 20:12:03,42.1584,-72.3287,88.41,47,40,13.8
318,Narsaq,GL,2022-07-17 20:13:16,60.9167,-46.05,59.22,70,98,8.48
319,Rafsanjan,IR,2022-07-17 20:13:16,30.4067,55.9939,85.06,9,0,2.44
320,Touros,BR,2022-07-17 20:13:16,-5.1989,-35.4608,78.31,78,76,17.22
321,Conway,US,2022-07-17 20:14:17,35.0887,-92.4421,101.01,44,0,12.66
322,Naze,JP,2022-07-17 20:14:17,28.3667,129.4833,80.04,85,100,17.38
323,Vagamo,NO,2022-07-17 20:14:17,61.8751,9.0967,52.86,78,15,6.22
324,Birjand,IR,2022-07-17 20:14:18,32.8663,59.2211,76.32,13,0,12.33
325,Ukiah,US,2022-07-17 20:09:25,39.1502,-123.2078,101.44,33,0,4.61
326,Talnakh,RU,2022-07-17 20:14:18,69.4865,88.3972,52.21,68,94,2.19
327,Itoman,JP,2022-07-17 20:14:19,26.1247,127.6694,84.58,91,20,13.8
328,Sinegorskiy,RU,2022-07-17 20:14:19,48.0139,40.8447,73.08,47,35,9.84
329,Shingu,JP,2022-07-17 20:14:19,33.7333,135.9833,74.97,85,100,4.97
330,Nhulunbuy,AU,2022-07-17 20:14:20,-12.2333,136.7667,70.41,94,40,6.91
331,Chengzihe,CN,2022-07-17 20:14:20,45.3333,131.0667,62.6,98,100,2.93
332,Brus Laguna,HN,2022-07-17 20:14:20,15.75,-84.4833,87.91,60,16,7.94
333,Hambantota,LK,2022-07-17 20:14:21,6.1241,81.1185,80.15,79,100,15.97
334,Goderich,CA,2022-07-17 20:14:21,43.7501,-81.7165,73.9,77,100,1.77
335,Provideniya,RU,2022-07-17 20:10:46,64.3833,-173.3,52.56,90,98,9.84
336,Saint-Joseph,RE,2022-07-17 20:14:22,-21.3667,55.6167,68.38,74,51,16.49
337,Lorengau,PG,2022-07-17 20:14:22,-2.0226,147.2712,81.63,78,89,8.93
338,Matagami,CA,2022-07-17 20:14:22,49.7502,-77.6328,84.52,28,72,5.44
339,Viedma,AR,2022-07-17 20:14:23,-40.8135,-62.9967,52.2,41,81,24.74
340,Bowen,AU,2022-07-17 20:14:23,-20.0167,148.2333,61.11,87,0,7.92
341,Ocos,GT,2022-07-17 20:14:23,14.5094,-92.1933,89.78,72,20,6.13
342,Kalikino,RU,2022-07-17 20:14:24,52.9493,39.8269,63.19,72,100,8.12
343,Taga,RO,2022-07-17 20:14:24,46.95,24.05,63.32,42,100,8.63
344,Fairfield,US,2022-07-17 20:13:52,41.2668,-73.3162,84.88,64,0,8.05
345,Mehamn,NO,2022-07-17 20:14:24,71.0357,27.8492,51.75,87,75,5.75
346,Iskateley,RU,2022-07-17 20:14:25,67.6803,53.1512,59.52,90,100,5.12
347,Kahului,US,2022-07-17 20:11:23,20.8947,-156.47,87.82,64,20,21.85
348,Zyryanskoye,RU,2022-07-17 20:14:25,56.8306,86.6258,52.92,98,100,14.36
349,Foumban,CM,2022-07-17 20:14:26,5.7291,10.9001,63.73,94,100,2.44
350,Ozinki,RU,2022-07-17 20:14:26,51.1786,49.6769,68.9,78,0,6.87
351,Port Moresby,PG,2022-07-17 20:14:26,-9.4431,147.1797,74.3,90,14,2.42
352,Vila Velha,BR,2022-07-17 20:14:27,-20.3297,-40.2925,76.95,81,0,12.66
353,Lobva,RU,2022-07-17 20:14:27,59.1854,60.5185,59.45,96,45,0.92
354,Vao,NC,2022-07-17 20:14:27,-22.6667,167.4833,70.88,73,99,18.48
355,Guerrero Negro,MX,2022-07-17 20:14:28,27.9769,-114.0611,81.75,45,1,11.1
356,Nikel,RU,2022-07-17 20:14:28,69.4128,30.222,59.18,87,93,8.16
357,Bonavista,CA,2022-07-17 20:14:28,48.6499,-53.1147,65.44,66,69,17.72
358,Gazanjyk,TM,2022-07-17 20:10:17,39.2446,55.5154,93.24,12,0,9.1
359,Maputo,MZ,2022-07-17 20:14:29,-25.9653,32.5892,67.23,85,0,2.62
360,Ambilobe,MG,2022-07-17 20:14:29,-13.2,49.05,67.41,66,99,5.66
361,Luwuk,ID,2022-07-17 20:14:30,-0.9516,122.7875,74.64,93,100,6.08
362,Rio Gallegos,AR,2022-07-17 20:14:30,-51.6226,-69.2181,35.65,69,20,14.97
363,Grindavik,IS,2022-07-17 20:14:30,63.8424,-22.4338,50.47,87,100,9.22
364,Miandrivazo,MG,2022-07-17 20:15:31,-19.5167,45.4667,70.0,40,0,7.58
365,Walvis Bay,NA,2022-07-17 20:15:31,-22.9575,14.5053,64.09,40,18,11.25
366,Marrakesh,MA,2022-07-17 20:12:12,31.6315,-8.0083,95.07,38,40,11.5
367,Grand Gaube,MU,2022-07-17 20:15:32,-20.0064,57.6608,70.2,62,38,8.99
368,Broome,US,2022-07-17 20:15:32,42.2506,-75.833,89.1,49,75,5.01
369,Bengbu,CN,2022-07-17 20:15:32,32.9408,117.3608,72.97,96,9,4.52
370,Gidam,IN,2022-07-17 20:15:33,18.9833,81.4,73.51,98,100,4.68
371,Pervomayskoye,RU,2022-07-17 20:15:33,43.919,46.7102,84.74,30,0,12.88
372,Castle Bruce,DM,2022-07-17 20:15:33,15.4333,-61.2667,88.48,70,20,11.5
373,Ca Mau,VN,2022-07-17 20:15:34,9.1769,105.15,77.31,90,65,3.96
374,Yining,CN,2022-07-17 20:15:34,29.0361,114.5636,76.26,96,100,0.67
375,Front Royal,US,2022-07-17 20:15:34,38.9182,-78.1944,81.57,90,100,20.71
376,Pinawa,CA,2022-07-17 20:15:35,50.1489,-95.8811,92.07,39,8,8.12
377,Bosaso,SO,2022-07-17 20:15:35,11.2842,49.1816,95.18,35,5,20.02
378,Sur,OM,2022-07-17 20:15:36,22.5667,59.5289,86.13,68,100,8.32
379,Kiruna,SE,2022-07-17 20:15:36,67.8557,20.2251,45.52,87,100,2.3
380,Aktash,RU,2022-07-17 20:15:36,50.3,87.7333,45.57,95,88,5.86
381,Bethanien,NA,2022-07-17 20:15:37,-26.502,17.1583,60.71,26,2,8.39
382,Charters Towers,AU,2022-07-17 20:15:37,-20.1,146.2667,56.77,87,1,5.61
383,Opuwo,NA,2022-07-17 20:15:37,-18.0607,13.84,62.04,34,0,7.96
384,Biak,ID,2022-07-17 20:15:38,-0.9131,122.8766,72.97,93,100,8.37
385,Sao Jose Da Coroa Grande,BR,2022-07-17 20:15:38,-8.8978,-35.1478,75.67,79,86,10.71
386,Mackenzie,CA,2022-07-17 20:15:38,55.2999,-123.1698,70.02,49,0,8.05
387,Charlestown,AU,2022-07-17 20:15:39,-32.95,151.6667,53.73,71,25,5.01
388,Pekan,MY,2022-07-17 20:15:39,3.4836,103.3996,80.71,90,98,2.95
389,Dayong,CN,2022-07-17 20:15:39,25.0209,118.2898,79.29,96,100,0.65
390,Hualmay,PE,2022-07-17 20:15:40,-11.0964,-77.6139,65.82,72,14,11.61
391,Westport,US,2022-07-17 20:12:21,41.1415,-73.3579,86.09,64,0,8.05
392,Husavik,IS,2022-07-17 20:15:40,66.0449,-17.3389,46.54,93,100,9.19
393,Lidkoping,SE,2022-07-17 20:15:41,58.5052,13.1577,62.62,82,100,11.43
394,Sambava,MG,2022-07-17 20:15:41,-14.2667,50.1667,69.76,84,90,14.74
395,Tonkino,RU,2022-07-17 20:15:41,57.3726,46.4629,59.85,81,29,3.8
396,Caraballeda,VE,2022-07-17 20:15:42,10.6112,-66.8522,80.85,91,64,9.71
397,Eseka,CM,2022-07-17 20:15:42,3.65,10.7667,70.74,99,72,2.35
398,Kichmengskiy Gorodok,RU,2022-07-17 20:15:42,59.9816,45.7854,57.61,93,78,2.28
399,Borovskoy,KZ,2022-07-17 20:15:43,53.8,64.15,64.18,95,15,6.13
400,Leningradskiy,RU,2022-07-17 20:15:43,69.3833,178.4167,32.61,92,74,26.15
401,Egvekinot,RU,2022-07-17 20:15:44,66.3167,-179.1667,34.74,54,19,24.38
402,Orlik,RU,2022-07-17 20:15:44,52.5178,99.825,51.33,70,89,5.41
403,Wajima,JP,2022-07-17 20:15:44,37.4,136.9,74.88,88,67,9.66
404,Honningsvag,NO,2022-07-17 20:15:45,70.9821,25.9704,51.55,87,20,4.61
405,Cotonou,BJ,2022-07-17 20:15:45,6.3654,2.4183,76.69,84,25,11.88
406,Zaragoza,ES,2022-07-17 20:15:03,41.6561,-0.8773,97.25,30,0,13.8
407,Namibe,AO,2022-07-17 20:16:45,-15.1961,12.1522,64.47,84,7,1.5
408,Peterhead,GB,2022-07-17 20:16:46,57.5058,-1.7981,69.46,77,100,12.33
409,Yumen,CN,2022-07-17 20:16:46,40.2833,97.2,73.87,35,100,14.47
410,Xinqing,CN,2022-07-17 20:16:46,48.2333,129.5,62.11,99,100,3.13
411,Madinat Sittah Uktubar,EG,2022-07-17 20:16:14,29.8167,31.05,83.8,42,0,13.51
412,Lucapa,AO,2022-07-17 20:16:47,-8.4192,20.7447,76.71,27,100,1.57
413,Gerash,IR,2022-07-17 20:16:47,27.6652,54.1371,93.34,23,79,7.61
414,Kalmunai,LK,2022-07-17 20:16:48,7.4167,81.8167,81.1,80,100,4.23
415,Beloha,MG,2022-07-17 20:16:48,-25.1667,45.05,64.29,77,0,10.83
416,Makakilo City,US,2022-07-17 20:16:48,21.3469,-158.0858,82.72,63,100,25.32
417,Mahanoro,MG,2022-07-17 20:16:49,-19.9,48.8,66.69,85,42,5.39
418,Soyo,AO,2022-07-17 20:16:49,-6.1349,12.3689,70.99,87,34,7.7
419,Dubbo,AU,2022-07-17 20:12:39,-32.25,148.6167,39.33,87,7,5.75
420,Copiapo,CL,2022-07-17 20:16:50,-27.3667,-70.3333,56.89,19,0,2.46
421,Lompoc,US,2022-07-17 20:16:32,34.6391,-120.4579,81.84,70,0,16.11
422,Nuuk,GL,2022-07-17 20:16:50,64.1835,-51.7216,49.87,87,75,25.99
423,Bartica,GY,2022-07-17 20:16:51,6.4,-58.6167,89.92,76,20,5.06
424,Cleethorpes,GB,2022-07-17 20:15:31,53.5605,-0.0323,81.25,41,100,8.08
425,Ozorkow,PL,2022-07-17 20:16:51,51.9634,19.2914,63.95,54,15,6.91
426,Ust-Barguzin,RU,2022-07-17 20:16:52,53.45,108.9833,48.49,88,6,0.85
427,Formosa Do Rio Preto,BR,2022-07-17 20:16:52,-11.0483,-45.1931,87.62,21,5,8.14
428,Carballo,ES,2022-07-17 20:16:52,43.213,-8.691,68.43,88,74,1.28
429,Padang,ID,2022-07-17 20:16:53,-0.9492,100.3543,76.6,79,12,4.16
430,Tilichiki,RU,2022-07-17 20:16:53,60.4667,166.1,56.61,82,100,7.31
431,Yar-Sale,RU,2022-07-17 20:16:53,66.8333,70.8333,55.81,67,75,5.1
432,Payo,ID,2022-07-17 20:16:54,-3.7508,103.6372,72.7,95,81,2.21
433,Nabire,ID,2022-07-17 20:16:54,-3.3667,135.4833,74.55,96,100,4.45
434,Zhanakorgan,KZ,2022-07-17 20:16:54,43.9098,67.2495,84.61,23,0,11.48
435,Chapais,CA,2022-07-17 20:16:55,49.7834,-74.8492,78.58,28,53,7.78
436,Champerico,GT,2022-07-17 20:16:55,14.3,-91.9167,93.74,73,25,6.64
437,Deori Khas,IN,2022-07-17 20:16:55,23.4,79.0167,80.92,78,60,7.87
438,Vallenar,CL,2022-07-17 20:16:56,-28.5708,-70.7581,70.63,15,1,1.97
439,Vila Franca Do Campo,PT,2022-07-17 20:16:56,37.7167,-25.4333,70.21,78,39,7.11
440,Bismarck,US,2022-07-17 20:14:08,46.8083,-100.7837,98.44,32,0,8.05
441,Zhengjiatun,CN,2022-07-17 20:16:56,43.5064,123.5064,66.36,91,19,4.56
442,Zaysan,KZ,2022-07-17 20:16:57,47.4667,84.8667,71.02,33,62,6.71
443,Tucupita,VE,2022-07-17 20:16:57,9.0622,-62.051,81.68,85,70,7.11
444,Teguise,ES,2022-07-17 20:15:06,29.0605,-13.564,70.02,73,20,21.85
445,Ilyich,KZ,2022-07-17 20:16:58,40.8464,68.5067,80.65,17,0,7.27
446,Nouadhibou,MR,2022-07-17 20:16:58,20.931,-17.0347,71.58,83,1,25.32
447,Sechura,PE,2022-07-17 20:16:58,-5.5569,-80.8222,74.97,57,6,13.89
448,Shakawe,BW,2022-07-17 20:16:59,-18.3667,21.85,54.52,39,0,5.64
449,Haapiti,PF,2022-07-17 20:16:59,-17.5667,-149.8667,78.53,65,70,14.12
450,Umkomaas,ZA,2022-07-17 20:16:59,-30.2067,30.7978,62.67,81,0,12.48
451,Boyolangu,ID,2022-07-17 20:18:00,-8.1181,111.8935,72.84,92,99,3.96
452,Rezekne,LV,2022-07-17 20:18:00,56.5,27.3167,52.54,91,99,6.38
453,Smithers,CA,2022-07-17 20:17:31,54.7804,-127.1743,66.52,52,75,4.61
454,Nauta,PE,2022-07-17 20:18:01,-4.5061,-73.5757,87.71,61,97,4.0
455,Gannan,CN,2022-07-17 20:18:01,47.9147,123.5031,64.56,95,73,4.23
456,Shimoda,JP,2022-07-17 20:18:01,34.6667,138.95,76.1,89,80,12.03
457,Bambanglipuro,ID,2022-07-17 20:18:02,-7.95,110.2833,75.0,84,91,7.56
458,Magadan,RU,2022-07-17 20:18:02,59.5667,150.8,56.53,96,100,3.0
459,Ahipara,NZ,2022-07-17 20:18:02,-35.1667,173.1667,50.2,80,95,5.41
460,Nuevo Progreso,MX,2022-07-17 20:18:03,23.1667,-97.95,94.53,47,5,8.01
461,Northam,GB,2022-07-17 20:18:03,51.0333,-4.2167,72.61,42,84,7.23
462,Suluq,LY,2022-07-17 20:18:03,31.6682,20.2521,80.78,64,0,16.22
463,Labuhan,ID,2022-07-17 20:18:04,-6.8844,112.2051,76.42,88,100,7.43
464,Lasa,IT,2022-07-17 20:18:04,46.6166,10.7002,66.97,78,2,2.86
465,Kropotkin,RU,2022-07-17 20:18:04,45.4375,40.5756,76.69,53,88,6.02
466,Mlimba,TZ,2022-07-17 20:18:05,-8.8,35.8167,66.83,62,12,4.52
467,Raudeberg,NO,2022-07-17 20:18:05,61.9875,5.1352,56.07,88,58,22.15
468,Maumere,ID,2022-07-17 20:18:05,-8.6199,122.2111,74.23,78,11,3.27
469,Nalobikha,RU,2022-07-17 20:18:06,53.2006,84.6039,52.18,89,98,5.66
470,Munxar,MT,2022-07-17 20:18:06,36.0307,14.2348,80.38,79,0,1.99
471,Pereslavl-Zalesskiy,RU,2022-07-17 20:18:06,56.7393,38.8563,56.53,84,97,2.04
472,Comodoro Rivadavia,AR,2022-07-17 20:18:07,-45.8667,-67.5,48.06,49,0,24.16
473,Yomou,GN,2022-07-17 20:18:07,7.5603,-9.2653,70.47,99,96,3.74
474,Chimoio,MZ,2022-07-17 20:16:25,-19.1164,33.4833,61.47,64,85,7.34
475,Longyan,CN,2022-07-17 20:18:07,25.1072,117.0225,76.21,96,100,2.73
476,Karpathos,GR,2022-07-17 20:18:08,35.507,27.2132,78.76,65,0,23.02
477,Cravo Norte,CO,2022-07-17 20:18:08,6.3017,-70.2041,86.05,66,72,6.76
478,Sturgeon Falls,CA,2022-07-17 20:18:08,46.3646,-79.9326,85.12,39,0,2.08
479,Araguaina,BR,2022-07-17 20:18:09,-7.1911,-48.2072,94.87,22,42,6.6
480,College,US,2022-07-17 20:18:09,64.8569,-147.8028,65.07,64,75,0.0
481,Gunjur,GM,2022-07-17 20:18:09,13.2019,-16.7339,79.84,79,100,14.7
482,Baillif,GP,2022-07-17 20:18:10,16.0202,-61.7463,85.5,68,19,15.1
483,Vidim,RU,2022-07-17 20:18:10,56.4088,103.1106,49.17,95,20,3.02
484,Kimbe,PG,2022-07-17 20:18:11,-5.5502,150.1429,75.09,93,67,3.94
485,Lubaczow,PL,2022-07-17 20:18:11,50.157,23.1234,58.51,55,98,3.56
486,Dzerzhinsk,RU,2022-07-17 20:18:11,56.2389,43.4631,63.82,88,40,2.24
487,Swan River,CA,2022-07-17 20:18:12,52.1058,-101.2676,85.89,48,0,5.75
488,Havoysund,NO,2022-07-17 20:18:12,70.9963,24.6622,52.03,87,46,9.01
489,Vardo,NO,2022-07-17 20:18:12,70.3705,31.1107,53.58,94,0,6.91
490,Dandong,CN,2022-07-17 20:18:13,40.1292,124.3947,67.64,97,72,2.8
491,Bibiani,GH,2022-07-17 20:18:13,6.4635,-2.3194,69.37,98,91,2.44
492,Excelsior Springs,US,2022-07-17 20:18:13,39.3392,-94.2261,87.17,69,40,3.44
493,Los Llanos De Aridane,ES,2022-07-17 20:18:14,28.6585,-17.9182,70.12,83,0,14.97
494,Myitkyina,MM,2022-07-17 20:18:14,25.3833,97.4,75.97,98,99,1.23
495,Thinadhoo,MV,2022-07-17 20:18:14,0.5333,72.9333,79.16,80,100,20.74
496,Slyudyanka,RU,2022-07-17 20:18:15,51.6594,103.7061,56.21,86,20,3.51
497,Karaton,ID,2022-07-17 20:18:15,-6.3424,106.1045,72.39,96,11,3.24
498,Rio Tuba,PH,2022-07-17 20:19:16,8.5061,117.4317,80.04,82,100,4.0
499,Podgorenskiy,RU,2022-07-17 20:19:16,50.405,39.6429,61.75,76,76,6.15
500,Tiarei,PF,2022-07-17 20:19:16,-17.5333,-149.3333,78.82,70,38,14.92
501,Sekoma,BW,2022-07-17 20:19:17,-24.4,23.8833,55.04,51,0,8.32
502,Limpapa,PH,2022-07-17 20:19:17,7.1197,121.9106,74.55,87,100,6.08
503,Nicoya,CR,2022-07-17 20:19:17,10.1483,-85.452,85.1,68,92,3.56
504,Mormugao,IN,2022-07-17 20:19:18,15.4,73.8,79.2,85,100,17.34
505,Ust-Kuyga,RU,2022-07-17 20:19:18,70.0167,135.6,47.43,58,91,3.18
506,Kaputa,ZM,2022-07-17 20:19:18,-8.4689,29.6619,68.36,54,16,3.58
507,Rajapur,IN,2022-07-17 20:17:04,25.3833,81.15,91.51,53,23,14.23
508,Nyurba,RU,2022-07-17 20:19:19,63.2842,118.3319,54.64,98,94,4.81
509,Flin Flon,CA,2022-07-17 20:19:19,54.7682,-101.865,80.44,41,100,10.36
510,Alberton,CA,2022-07-17 20:19:20,46.8168,-64.0654,75.11,74,81,7.56
511,Faya,SA,2022-07-17 20:19:20,18.3851,42.4509,68.52,41,28,4.72
512,Sobolevo,RU,2022-07-17 20:19:20,54.4299,31.8996,52.92,88,19,7.0
513,San Francisco Del Mar,MX,2022-07-17 20:19:21,16.2333,-94.65,88.7,60,100,7.63
514,Boende,CD,2022-07-17 20:19:21,-0.2167,20.8667,74.93,88,100,2.53
515,Samarai,PG,2022-07-17 20:19:21,-10.6167,150.6667,79.38,81,27,5.19
516,Yambio,SS,2022-07-17 20:19:22,4.5721,28.3955,68.56,97,100,2.04
517,Marsa Matruh,EG,2022-07-17 20:19:22,31.3525,27.2453,78.21,74,0,8.57
518,Bajil,YE,2022-07-17 20:19:22,15.0584,43.2851,89.13,38,100,6.67
519,Whyalla,AU,2022-07-17 20:19:23,-33.0333,137.5833,48.25,78,10,8.23
520,Kenora,CA,2022-07-17 20:15:26,49.8167,-94.4337,85.17,58,20,15.01
521,Urucara,BR,2022-07-17 20:19:23,-2.5364,-57.76,93.54,41,48,3.98
522,Sesheke,ZM,2022-07-17 20:19:24,-17.4759,24.2968,54.95,46,0,6.04
523,Dicabisagan,PH,2022-07-17 20:19:24,17.0818,122.4157,78.6,88,77,2.66
524,Sola,VU,2022-07-17 20:19:24,-13.8833,167.55,81.21,77,81,22.5
525,Odweyne,SO,2022-07-17 20:19:25,9.4092,45.064,76.24,46,12,22.62
526,Avera,US,2022-07-17 20:19:25,33.194,-82.5271,92.55,39,29,8.03
527,Qaqortoq,GL,2022-07-17 20:19:25,60.7167,-46.0333,46.36,77,100,11.16
528,Tura,IN,2022-07-17 20:17:46,25.5198,90.2201,75.49,94,99,4.76
529,Warrnambool,AU,2022-07-17 20:14:39,-38.3833,142.4833,46.81,71,94,18.92
530,Bela,IN,2022-07-17 20:19:26,25.9333,81.9833,91.67,53,35,14.16
531,Tammisaari,FI,2022-07-17 20:19:26,59.9736,23.4339,55.9,81,51,6.87
532,Iquique,CL,2022-07-17 20:19:26,-20.2208,-70.1431,59.04,70,89,10.04
533,Ayan,RU,2022-07-17 20:19:27,56.45,138.1667,57.09,95,100,8.32
534,Bodden Town,KY,2022-07-17 20:19:27,19.2833,-81.25,87.98,75,40,8.05
535,Monaragala,LK,2022-07-17 20:19:27,6.8714,81.3487,76.77,83,100,2.53
536,Woodland,US,2022-07-17 20:15:23,38.6785,-121.7733,101.61,26,0,8.05
537,Alghero,IT,2022-07-17 20:19:28,40.5589,8.3181,80.69,74,0,4.61
538,Gushikawa,JP,2022-07-17 20:18:30,26.3544,127.8686,83.79,86,20,13.8
539,Gummidipundi,IN,2022-07-17 20:19:29,13.4,80.15,80.98,76,100,8.59
540,Macenta,GN,2022-07-17 20:19:29,8.5435,-9.471,70.83,99,100,2.39
541,Mangai,CD,2022-07-17 20:19:29,-4.05,19.5333,78.15,59,99,2.26
542,Tsabong,BW,2022-07-17 20:19:30,-26.0217,22.401,58.41,43,4,9.24
543,Parksville,CA,2022-07-17 20:20:30,49.3163,-124.3195,64.94,78,81,14.97
544,Songea,TZ,2022-07-17 20:20:30,-10.6833,35.65,61.7,54,99,2.57
